301,3,Faiza,Omar,faiza.omar@gmail.com,Faiza12345,0199887799,Agent,211
302,4,Sarah,Turna,sarah.turna@gmail.com,Sarah12345,017788991,Agent,212
303,5,"Nafis ",Islam,nafis.islam@gmail.com,Nafis12345,0199887799,Agent,212
305,7,"Rasheeq ",Ishmum,rasheeq.ishmum@gmail.com,Rasheeq,012233556,Agent,211
306,8,Nafis,Ahmed,nafis.ahmed@gmail.com,Ahmed12345,019188775,Agent,300
308,10,Syeda,Subha,syeda55@gmail.com,Syeda12345,0199887765,Agent,300
309,11,Faiza,Alam,faizaAlam@gmail.com,Faiza123,0199887765,Agent,307
312,26,Adiba,Farzana,adiba.farzana@gmail.com,Farzana12345,0199887765,Agent,300
323,46,Hamim,Fardin,hamim.fardin@genex.com,Fardin12345,0199887765,Agent,308
